Metric,Value
Accuracy,0.9903614457831326
Precision,0.9907245601798426
Recall,0.9903614457831326
F1 Score,0.9903964863080967
Top-1,0.9903614457831326
Top-3,0.9991495393338058
Top-5,1.0
